{
  "Format": "1.3",
  "ConfigSchema": {
    "SewerStyle": { 
        "AllowValues": "humanoidroom, creatureroom" 
        }
    },
  "Changes": [
//////For Contents
	{
          "Action": "Load",
          "Target": "SewerTiles",
          "FromFile": "assets/SewerTiles.png",
          "When": {
            "SewerStyle": "humanoidroom, creatureroom" 
             }  
	    },
	{
          "Action": "Load",
          "Target": "sewerfurniture",
          "FromFile": "assets/sewerfurniture.png",
          "When": {
            "SewerStyle": "humanoidroom, creatureroom" 
             }  
      },
	{
          "Action": "Load",
          "Target": "Sewer",
          "FromFile": "assets/Sewer_drowroom.tbin",
          "When": {
            "SewerStyle": "humanoidroom" 
             }  
      },
	{
          "Action": "Load",
          "Target": "Sewer",
          "FromFile": "assets/Sewer_originalroom.tbin",
          "When": {
            "SewerStyle": "creatureroom" 
             }  
	    },
//////For Maps
	{
          "Action": "Load",
          "Target": "Maps/SewerTiles",
          "FromFile": "assets/SewerTiles.png",
          "When": {
            "SewerStyle": "humanoidroom, creatureroom" 
             }  
	    },
	{
          "Action": "Load",
          "Target": "Maps/sewerfurniture",
          "FromFile": "assets/sewerfurniture.png",
          "When": {
            "SewerStyle": "humanoidroom, creatureroom" 
             }  
      },
	{
          "Action": "Load",
          "Target": "Maps/Sewer",
          "FromFile": "assets/Sewer_drowroom.tbin",
          "When": {
            "SewerStyle": "humanoidroom" 
             }  
      },
	{
          "Action": "Load",
          "Target": "Maps/Sewer",
          "FromFile": "assets/Sewer_originalroom.tbin",
          "When": {
            "SewerStyle": "creatureroom"  
             }   
	    },
//////For MapStrings
	{
          "Action": "EditData",
          "Target": "Strings/StringsFromMaps",
          "When": {
            "SewerStyle": "humanoidroom, creatureroom" 
             },
                    "Entries": {
                              "Sewer.1": "Rrrribbit.",
                              "Sewer.2": "Ribbit ribbit.",
                              "Sewer.3": "Does Krobus know there's frogs in here?",
                              "Sewer.4": "Hopefully this little guy isn't part of the next batch of potions.",
                              "Sewer.5": "Krobus must like plants.",
                              "Sewer.6": "How do these stay so green and healthy underground?",
                              "Sewer.7": "A list of herbs and other ingredients. Phew, 'frog' isn't on the list.",
                              "Sewer.8": "This mug is cold, but smells good.",
                              "Sewer.9": "A regular map.",
                              "Sewer.10": "This must be Krobus' sword. Why would he leave it lying out like this?",
                              "Sewer.11": "Wonder what's in these barrels?",
                              "Sewer.12": "Something moved in this box.",
                              "Sewer.13": "Wonder what's in these boxes?",
                              "Sewer.14": "Notes in an ancient script you can't understand.",
                              "Sewer.15": "The flames flicker and cast an ominous glow.",
                              "Sewer.16": "He must like to read.",
                              "Sewer.17": "There's so many books strewn everywhere.",
                              "Sewer.18": "Another Moon talisman."
		}
		}

    ]
}
